-- phpMyAdmin SQL Dump
-- version 3.3.9
-- http://www.phpmyadmin.net
--
-- Host: 127.0.0.1
-- Generation Time: Apr 23, 2019 at 04:22 AM
-- Server version: 5.5.8
-- PHP Version: 5.3.5

SET SQL_MODE="NO_AUTO_VALUE_ON_ZERO";

--
-- Database: `db_sma4_pm_lm`
--

-- --------------------------------------------------------

--
-- Table structure for table `aspek`
--

CREATE TABLE IF NOT EXISTS `aspek` (
  `idAspek` int(11) NOT NULL AUTO_INCREMENT,
  `namaAspek` varchar(55) NOT NULL,
  `bobotCF` int(11) NOT NULL,
  `bobotSF` int(11) NOT NULL,
  `bobotAspek` int(11) NOT NULL,
  PRIMARY KEY (`idAspek`)
) ENGINE=InnoDB  DEFAULT CHARSET=latin1 AUTO_INCREMENT=5 ;

--
-- Dumping data for table `aspek`
--

INSERT INTO `aspek` (`idAspek`, `namaAspek`, `bobotCF`, `bobotSF`, `bobotAspek`) VALUES
(1, 'Akademik', 60, 40, 40),
(2, 'Psikotes', 60, 40, 30),
(3, 'Non-Akademik', 70, 30, 20),
(4, 'Sikap', 60, 40, 10);

-- --------------------------------------------------------

--
-- Table structure for table `gurubk`
--

CREATE TABLE IF NOT EXISTS `gurubk` (
  `idGuruBK` int(11) NOT NULL AUTO_INCREMENT,
  `username` varchar(25) NOT NULL,
  `password` varchar(25) NOT NULL,
  `namaGuruBK` varchar(55) NOT NULL,
  PRIMARY KEY (`idGuruBK`)
) ENGINE=InnoDB  DEFAULT CHARSET=latin1 AUTO_INCREMENT=2 ;

--
-- Dumping data for table `gurubk`
--

INSERT INTO `gurubk` (`idGuruBK`, `username`, `password`, `namaGuruBK`) VALUES
(1, 'a', 'a', 'Asmawati, S.Pd, M.Pd');

-- --------------------------------------------------------

--
-- Table structure for table `kelas`
--

CREATE TABLE IF NOT EXISTS `kelas` (
  `idKelas` int(11) NOT NULL AUTO_INCREMENT,
  `kelas` varchar(15) NOT NULL,
  `peminatan` varchar(6) NOT NULL,
  `lintasMinat1` varchar(35) NOT NULL,
  `lintasMinat2` varchar(35) NOT NULL,
  PRIMARY KEY (`idKelas`)
) ENGINE=InnoDB  DEFAULT CHARSET=latin1 AUTO_INCREMENT=10 ;

--
-- Dumping data for table `kelas`
--

INSERT INTO `kelas` (`idKelas`, `kelas`, `peminatan`, `lintasMinat1`, `lintasMinat2`) VALUES
(1, 'X MIPA 1', 'MIPA', 'Geografi', 'Sosiologi'),
(2, 'X MIPA 2', 'MIPA', 'Geografi', 'Sosiologi'),
(3, 'X MIPA 3', 'MIPA', 'Ekonomi', 'Sosiologi'),
(4, 'X MIPA 4', 'MIPA', 'Ekonomi', 'Sosiologi'),
(5, 'X MIPA 5', 'MIPA', 'Ekonomi', 'Sosiologi'),
(6, 'X MIPA 6', 'MIPA', 'B.Inggris', 'B.Jepang'),
(7, 'X MIPA 7', 'MIPA', 'B.Inggris', 'B.Jepang'),
(8, 'X IPS 1', 'IPS', 'B.Inggris', 'B.Jepang'),
(9, 'X IPS 2', 'IPS', 'B.Inggris', 'B.Jepang');

-- --------------------------------------------------------

--
-- Table structure for table `kriteria`
--

CREATE TABLE IF NOT EXISTS `kriteria` (
  `idKriteria` int(11) NOT NULL AUTO_INCREMENT,
  `idAspek` int(11) NOT NULL,
  `namaKriteria` varchar(55) NOT NULL,
  `jenisKriteria` varchar(25) NOT NULL,
  `subKriteria` text NOT NULL,
  PRIMARY KEY (`idKriteria`)
) ENGINE=InnoDB  DEFAULT CHARSET=latin1 AUTO_INCREMENT=19 ;

--
-- Dumping data for table `kriteria`
--

INSERT INTO `kriteria` (`idKriteria`, `idAspek`, `namaKriteria`, `jenisKriteria`, `subKriteria`) VALUES
(1, 1, 'Nilai Matematika', 'CF', 'a:5:{i:0;s:8:"90 - 100";i:1;s:7:"80 - 89";i:2;s:7:"70 - 79";i:3;s:7:"60 - 69";i:4;s:10:"59 Kebawah";}'),
(2, 1, 'Nilai Sejarah', 'CF', 'a:5:{i:0;s:8:"90 - 100";i:1;s:7:"80 - 89";i:2;s:7:"70 - 79";i:3;s:7:"60 - 69";i:4;s:10:"59 Kebawah";}'),
(3, 1, 'Nilai B.Indonesia', 'SF', 'a:5:{i:0;s:8:"90 - 100";i:1;s:7:"80 - 89";i:2;s:7:"70 - 79";i:3;s:7:"60 - 69";i:4;s:10:"59 Kebawah";}'),
(4, 1, 'Nilai B.Inggris', 'SF', 'a:5:{i:0;s:8:"90 - 100";i:1;s:7:"80 - 89";i:2;s:7:"70 - 79";i:3;s:7:"60 - 69";i:4;s:10:"59 Kebawah";}'),
(5, 2, 'Skor IQ', 'CF', 'a:5:{i:0;s:6:">= 119";i:1;s:9:"105 - 118";i:2;s:9:"100 - 104";i:3;s:7:"95 - 99";i:4;s:5:"<= 94";}'),
(6, 2, 'Daya Pikir Konkrit Praktis', 'SF', 'a:5:{i:0;s:6:">= 119";i:1;s:9:"105 - 118";i:2;s:9:"100 - 104";i:3;s:7:"95 - 99";i:4;s:5:"<= 94";}'),
(7, 2, 'Daya Pikir Induktif Verbal', 'SF', 'a:5:{i:0;s:6:">= 119";i:1;s:9:"105 - 118";i:2;s:9:"100 - 104";i:3;s:7:"95 - 99";i:4;s:5:"<= 94";}'),
(8, 2, 'Daya Pikir Analogi', 'SF', 'a:5:{i:0;s:6:">= 119";i:1;s:9:"105 - 118";i:2;s:9:"100 - 104";i:3;s:7:"95 - 99";i:4;s:5:"<= 94";}'),
(9, 2, 'Daya Abstraksi', 'SF', 'a:5:{i:0;s:6:">= 119";i:1;s:9:"105 - 118";i:2;s:9:"100 - 104";i:3;s:7:"95 - 99";i:4;s:5:"<= 94";}'),
(10, 2, 'Daya Pikir Praktis Bilangan', 'SF', 'a:5:{i:0;s:6:">= 119";i:1;s:9:"105 - 118";i:2;s:9:"100 - 104";i:3;s:7:"95 - 99";i:4;s:5:"<= 94";}'),
(11, 2, 'Daya Pikir Induktif Bilangan', 'SF', 'a:5:{i:0;s:6:">= 119";i:1;s:9:"105 - 118";i:2;s:9:"100 - 104";i:3;s:7:"95 - 99";i:4;s:5:"<= 94";}'),
(12, 2, 'Daya Bayang (Konstruktif)', 'SF', 'a:5:{i:0;s:6:">= 119";i:1;s:9:"105 - 118";i:2;s:9:"100 - 104";i:3;s:7:"95 - 99";i:4;s:5:"<= 94";}'),
(13, 2, 'Daya Bayang Ruang (Analisis)', 'SF', 'a:5:{i:0;s:6:">= 119";i:1;s:9:"105 - 118";i:2;s:9:"100 - 104";i:3;s:7:"95 - 99";i:4;s:5:"<= 94";}'),
(14, 2, 'Daya Ingat', 'SF', 'a:5:{i:0;s:6:">= 119";i:1;s:9:"105 - 118";i:2;s:9:"100 - 104";i:3;s:7:"95 - 99";i:4;s:5:"<= 94";}'),
(15, 3, 'Minat Siswa', 'CF', 'a:5:{i:0;s:8:"Geografi";i:1;s:9:"Sosiologi";i:2;s:7:"Ekonomi";i:3;s:9:"B.Inggris";i:4;s:8:"B.Jepang";}'),
(16, 3, 'Hasil Tes Elaborasi', 'SF', 'a:5:{i:0;s:5:"35-40";i:1;s:5:"30-34";i:2;s:5:"25-29";i:3;s:5:"20-24";i:4;s:3:"< 20";}'),
(17, 4, 'Keaktifan', 'CF', 'a:5:{i:0;s:11:"Sangat Baik";i:1;s:4:"Baik";i:2;s:5:"Cukup";i:3;s:5:"Buruk";i:4;s:12:"Sangat Buruk";}'),
(18, 4, 'Disiplin', 'SF', 'a:5:{i:0;s:11:"Sangat Baik";i:1;s:4:"Baik";i:2;s:5:"Cukup";i:3;s:5:"Buruk";i:4;s:12:"Sangat Buruk";}');

-- --------------------------------------------------------

--
-- Table structure for table `lintasminat`
--

CREATE TABLE IF NOT EXISTS `lintasminat` (
  `idLintasMinat` int(11) NOT NULL AUTO_INCREMENT,
  `lintasMinat` varchar(35) NOT NULL,
  `keterangan` text NOT NULL,
  `profilIdeal` text NOT NULL,
  PRIMARY KEY (`idLintasMinat`)
) ENGINE=InnoDB  DEFAULT CHARSET=latin1 AUTO_INCREMENT=6 ;

--
-- Dumping data for table `lintasminat`
--

INSERT INTO `lintasminat` (`idLintasMinat`, `lintasMinat`, `keterangan`, `profilIdeal`) VALUES
(1, 'Geografi', 'Mata pelajaran lintas minat ini diwajibkan pada kelas X MIPA 1 dan X MIPA 2.', 'a:18:{i:0;s:1:"4";i:1;s:1:"4";i:2;s:1:"3";i:3;s:1:"3";i:4;s:1:"5";i:5;s:1:"4";i:6;s:1:"3";i:7;s:1:"4";i:8;s:1:"4";i:9;s:1:"3";i:10;s:1:"4";i:11;s:1:"5";i:12;s:1:"5";i:13;s:1:"3";i:14;s:1:"5";i:15;s:1:"3";i:16;s:1:"5";i:17;s:1:"4";}'),
(2, 'Sosiologi', 'Mata pelajaran lintas minat ini diwajibkan pada kelas X MIPA 1, X MIPA 2, X MIPA 3, X MIPA 4 dan X MIPA 5.', 'a:18:{i:0;s:1:"3";i:1;s:1:"5";i:2;s:1:"4";i:3;s:1:"4";i:4;s:1:"4";i:5;s:1:"5";i:6;s:1:"4";i:7;s:1:"5";i:8;s:1:"5";i:9;s:1:"3";i:10;s:1:"3";i:11;s:1:"5";i:12;s:1:"3";i:13;s:1:"5";i:14;s:1:"4";i:15;s:1:"3";i:16;s:1:"5";i:17;s:1:"4";}'),
(3, 'Ekonomi', 'Mata pelajaran lintas minat ini diwajibkan pada kelas X MIPA 3, X MIPA 4 dan X MIPA 5.', 'a:18:{i:0;s:1:"5";i:1;s:1:"4";i:2;s:1:"4";i:3;s:1:"4";i:4;s:1:"5";i:5;s:1:"3";i:6;s:1:"3";i:7;s:1:"4";i:8;s:1:"4";i:9;s:1:"5";i:10;s:1:"5";i:11;s:1:"4";i:12;s:1:"3";i:13;s:1:"3";i:14;s:1:"3";i:15;s:1:"3";i:16;s:1:"4";i:17;s:1:"5";}'),
(4, 'B.Inggris', 'Mata pelajaran lintas minat ini diwajibkan pada kelas X MIPA 6, X MIPA 7, X IPS 1 dan X IPS 2.', 'a:18:{i:0;s:1:"3";i:1;s:1:"4";i:2;s:1:"4";i:3;s:1:"5";i:4;s:1:"3";i:5;s:1:"3";i:6;s:1:"5";i:7;s:1:"4";i:8;s:1:"5";i:9;s:1:"3";i:10;s:1:"2";i:11;s:1:"3";i:12;s:1:"2";i:13;s:1:"4";i:14;s:1:"2";i:15;s:1:"2";i:16;s:1:"5";i:17;s:1:"5";}'),
(5, 'B.Jepang', 'Mata pelajaran lintas minat ini diwajibkan pada kelas X MIPA 6, X MIPA 7, X IPS 1 dan X IPS 2.', 'a:18:{i:0;s:1:"3";i:1;s:1:"4";i:2;s:1:"4";i:3;s:1:"3";i:4;s:1:"3";i:5;s:1:"3";i:6;s:1:"5";i:7;s:1:"4";i:8;s:1:"5";i:9;s:1:"2";i:10;s:1:"2";i:11;s:1:"3";i:12;s:1:"2";i:13;s:1:"3";i:14;s:1:"1";i:15;s:1:"2";i:16;s:1:"5";i:17;s:1:"5";}');

-- --------------------------------------------------------

--
-- Table structure for table `siswa`
--

CREATE TABLE IF NOT EXISTS `siswa` (
  `idSiswa` int(11) NOT NULL AUTO_INCREMENT,
  `namaSiswa` varchar(45) NOT NULL,
  `jenisKelamin` varchar(9) NOT NULL,
  `nis` int(11) NOT NULL,
  `password` varchar(25) NOT NULL,
  `kelas` varchar(15) NOT NULL,
  `nilaiProfilSiswa` text NOT NULL,
  `nlm` text NOT NULL,
  `rekomendasiLintasMinat` varchar(35) NOT NULL,
  PRIMARY KEY (`idSiswa`)
) ENGINE=InnoDB  DEFAULT CHARSET=latin1 AUTO_INCREMENT=91 ;

--
-- Dumping data for table `siswa`
--

INSERT INTO `siswa` (`idSiswa`, `namaSiswa`, `jenisKelamin`, `nis`, `password`, `kelas`, `nilaiProfilSiswa`, `nlm`, `rekomendasiLintasMinat`) VALUES
(1, 'MUHAMMAD FAREL', 'Laki-laki', 108732, '690sma4', 'X MIPA 1', 'a:18:{i:0;s:1:"5";i:1;s:1:"4";i:2;s:1:"5";i:3;s:1:"4";i:4;s:1:"2";i:5;s:1:"5";i:6;s:1:"4";i:7;s:1:"4";i:8;s:1:"2";i:9;s:1:"5";i:10;s:1:"4";i:11;s:1:"4";i:12;s:1:"1";i:13;s:1:"4";i:14;s:1:"5";i:15;s:1:"5";i:16;s:1:"4";i:17;s:1:"4";}', 'a:5:{i:0;s:4:"3.96";i:1;s:4:"3.95";i:2;s:4:"3.98";i:3;s:4:"3.79";i:4;s:4:"3.67";}', 'Ekonomi'),
(2, 'MELISA PUTRI', 'Perempuan', 14727997, '771sma4', 'X MIPA 1', 'a:18:{i:0;s:1:"4";i:1;s:1:"4";i:2;s:1:"4";i:3;s:1:"4";i:4;s:1:"5";i:5;s:1:"5";i:6;s:1:"3";i:7;s:1:"5";i:8;s:1:"4";i:9;s:1:"4";i:10;s:1:"5";i:11;s:1:"5";i:12;s:1:"4";i:13;s:1:"4";i:14;s:1:"3";i:15;s:1:"3";i:16;s:1:"5";i:17;s:1:"5";}', 'a:5:{i:0;s:4:"4.57";i:1;s:3:"4.5";i:2;s:4:"4.79";i:3;s:4:"4.34";i:4;s:4:"4.22";}', 'Ekonomi'),
(3, 'FAJRANI', 'Laki-laki', 2781073, '468sma4', 'X MIPA 1', 'a:18:{i:0;s:1:"5";i:1;s:1:"5";i:2;s:1:"4";i:3;s:1:"4";i:4;s:1:"5";i:5;s:1:"5";i:6;s:1:"5";i:7;s:1:"4";i:8;s:1:"1";i:9;s:1:"5";i:10;s:1:"1";i:11;s:1:"1";i:12;s:1:"4";i:13;s:1:"4";i:14;s:1:"5";i:15;s:1:"4";i:16;s:1:"4";i:17;s:1:"5";}', 'a:5:{i:0;s:4:"4.49";i:1;s:4:"4.36";i:2;s:4:"4.51";i:3;s:4:"3.76";i:4;s:4:"3.64";}', 'Ekonomi'),
(4, 'APRIMA TASYA NABILA', 'Perempuan', 18156474, '260sma4', 'X MIPA 1', 'a:18:{i:0;s:1:"4";i:1;s:1:"5";i:2;s:1:"5";i:3;s:1:"4";i:4;s:1:"5";i:5;s:1:"3";i:6;s:1:"5";i:7;s:1:"5";i:8;s:1:"5";i:9;s:1:"5";i:10;s:1:"2";i:11;s:1:"5";i:12;s:1:"3";i:13;s:1:"4";i:14;s:1:"2";i:15;s:1:"4";i:16;s:1:"5";i:17;s:1:"4";}', 'a:5:{i:0;s:3:"4.2";i:1;s:4:"4.42";i:2;s:4:"4.45";i:3;s:4:"4.31";i:4;s:4:"4.26";}', 'Ekonomi'),
(5, 'AIDIL PRATAMA', 'Laki-laki', 13994267, '457sma4', 'X MIPA 1', 'a:18:{i:0;s:1:"4";i:1;s:1:"4";i:2;s:1:"4";i:3;s:1:"4";i:4;s:1:"5";i:5;s:1:"4";i:6;s:1:"5";i:7;s:1:"3";i:8;s:1:"3";i:9;s:1:"1";i:10;s:1:"1";i:11;s:1:"5";i:12;s:1:"4";i:13;s:1:"4";i:14;s:1:"3";i:15;s:1:"5";i:16;s:1:"4";i:17;s:1:"5";}', 'a:5:{i:0;s:4:"4.34";i:1;s:4:"4.27";i:2;s:4:"4.61";i:3;s:4:"4.18";i:4;s:4:"4.09";}', 'Ekonomi'),
(6, 'ATIKA SALSABILA', 'Perempuan', 13819801, '790sma4', 'X MIPA 1', 'a:18:{i:0;s:1:"4";i:1;s:1:"4";i:2;s:1:"4";i:3;s:1:"4";i:4;s:1:"4";i:5;s:1:"2";i:6;s:1:"4";i:7;s:1:"5";i:8;s:1:"4";i:9;s:1:"5";i:10;s:1:"5";i:11;s:1:"4";i:12;s:1:"4";i:13;s:1:"4";i:14;s:1:"4";i:15;s:1:"3";i:16;s:1:"4";i:17;s:1:"4";}', 'a:5:{i:0;s:4:"4.44";i:1;s:4:"4.63";i:2;s:4:"4.55";i:3;s:3:"4.3";i:4;s:4:"4.18";}', 'Sosiologi'),
(7, 'UCI TRI AYUNDA', 'Perempuan', 109409, '196sma4', 'X MIPA 1', 'a:18:{i:0;s:1:"4";i:1;s:1:"4";i:2;s:1:"5";i:3;s:1:"4";i:4;s:1:"4";i:5;s:1:"4";i:6;s:1:"5";i:7;s:1:"4";i:8;s:1:"2";i:9;s:1:"3";i:10;s:1:"4";i:11;s:1:"4";i:12;s:1:"5";i:13;s:1:"4";i:14;s:1:"2";i:15;s:1:"2";i:16;s:1:"4";i:17;s:1:"5";}', 'a:5:{i:0;s:4:"4.03";i:1;s:4:"4.23";i:2;s:4:"4.34";i:3;s:4:"4.56";i:4;s:4:"4.52";}', 'B.Inggris'),
(8, 'ARROSYID JAFAR', 'Laki-laki', 18093323, '911sma4', 'X MIPA 1', 'a:18:{i:0;s:1:"4";i:1;s:1:"4";i:2;s:1:"4";i:3;s:1:"4";i:4;s:1:"5";i:5;s:1:"4";i:6;s:1:"5";i:7;s:1:"5";i:8;s:1:"5";i:9;s:1:"3";i:10;s:1:"4";i:11;s:1:"5";i:12;s:1:"4";i:13;s:1:"5";i:14;s:1:"3";i:15;s:1:"3";i:16;s:1:"3";i:17;s:1:"4";}', 'a:5:{i:0;s:4:"4.45";i:1;s:4:"4.44";i:2;s:4:"4.67";i:3;s:4:"4.25";i:4;s:4:"4.13";}', 'Ekonomi'),
(9, 'ENGLA DIVA SARI', 'Perempuan', 11040070, '973sma4', 'X MIPA 1', 'a:18:{i:0;s:1:"4";i:1;s:1:"5";i:2;s:1:"4";i:3;s:1:"4";i:4;s:1:"4";i:5;s:1:"5";i:6;s:1:"5";i:7;s:1:"5";i:8;s:1:"2";i:9;s:1:"4";i:10;s:1:"4";i:11;s:1:"4";i:12;s:1:"5";i:13;s:1:"4";i:14;s:1:"2";i:15;s:1:"2";i:16;s:1:"4";i:17;s:1:"5";}', 'a:5:{i:0;s:4:"4.03";i:1;s:4:"4.41";i:2;s:4:"4.31";i:3;s:4:"4.52";i:4;s:4:"4.47";}', 'B.Inggris'),
(10, 'VIKA TRISNA DWI PUTRI', 'Perempuan', 3918542, '592sma4', 'X MIPA 1', 'a:18:{i:0;s:1:"4";i:1;s:1:"4";i:2;s:1:"4";i:3;s:1:"4";i:4;s:1:"4";i:5;s:1:"5";i:6;s:1:"5";i:7;s:1:"5";i:8;s:1:"2";i:9;s:1:"4";i:10;s:1:"5";i:11;s:1:"5";i:12;s:1:"5";i:13;s:1:"5";i:14;s:1:"1";i:15;s:1:"3";i:16;s:1:"5";i:17;s:1:"4";}', 'a:5:{i:0;s:4:"4.09";i:1;s:4:"4.31";i:2;s:4:"4.22";i:3;s:4:"4.39";i:4;s:4:"4.55";}', 'B.Jepang'),
(11, 'SUCI RAHMAWANI', 'Perempuan', 2743938, '270sma4', 'X MIPA 2', 'a:18:{i:0;s:1:"5";i:1;s:1:"5";i:2;s:1:"4";i:3;s:1:"4";i:4;s:1:"4";i:5;s:1:"5";i:6;s:1:"5";i:7;s:1:"5";i:8;s:1:"4";i:9;s:1:"3";i:10;s:1:"2";i:11;s:1:"5";i:12;s:1:"5";i:13;s:1:"4";i:14;s:1:"1";i:15;s:1:"1";i:16;s:1:"5";i:17;s:1:"5";}', 'a:5:{i:0;s:4:"3.85";i:1;s:4:"4.19";i:2;s:4:"4.18";i:3;s:3:"4.3";i:4;s:4:"4.46";}', 'B.Jepang'),
(12, 'TANIA ARZUF', 'Perempuan', 13992131, '997sma4', 'X MIPA 2', 'a:18:{i:0;s:1:"5";i:1;s:1:"4";i:2;s:1:"5";i:3;s:1:"4";i:4;s:1:"2";i:5;s:1:"5";i:6;s:1:"3";i:7;s:1:"4";i:8;s:1:"5";i:9;s:1:"4";i:10;s:1:"2";i:11;s:1:"2";i:12;s:1:"5";i:13;s:1:"4";i:14;s:1:"1";i:15;s:1:"4";i:16;s:1:"4";i:17;s:1:"5";}', 'a:5:{i:0;s:4:"3.48";i:1;s:4:"3.65";i:2;s:4:"3.98";i:3;s:4:"4.13";i:4;s:4:"4.29";}', 'B.Jepang'),
(13, 'MARCELLINO VIOLDI DESON', 'Laki-laki', 13995002, '431sma4', 'X MIPA 2', 'a:18:{i:0;s:1:"5";i:1;s:1:"4";i:2;s:1:"5";i:3;s:1:"4";i:4;s:1:"2";i:5;s:1:"5";i:6;s:1:"2";i:7;s:1:"5";i:8;s:1:"5";i:9;s:1:"3";i:10;s:1:"4";i:11;s:1:"5";i:12;s:1:"1";i:13;s:1:"4";i:14;s:1:"2";i:15;s:1:"5";i:16;s:1:"4";i:17;s:1:"3";}', 'a:5:{i:0;s:4:"3.54";i:1;s:4:"3.76";i:2;s:4:"3.98";i:3;s:4:"4.11";i:4;s:4:"4.07";}', 'B.Inggris'),
(14, 'SALSABIL AULIA PUTRI', 'Perempuan', 4441029, '706sma4', 'X MIPA 2', 'a:18:{i:0;s:1:"5";i:1;s:1:"5";i:2;s:1:"5";i:3;s:1:"5";i:4;s:1:"4";i:5;s:1:"3";i:6;s:1:"4";i:7;s:1:"4";i:8;s:1:"4";i:9;s:1:"5";i:10;s:1:"3";i:11;s:1:"4";i:12;s:1:"1";i:13;s:1:"4";i:14;s:1:"4";i:15;s:1:"3";i:16;s:1:"5";i:17;s:1:"5";}', 'a:5:{i:0;s:4:"4.17";i:1;s:4:"4.59";i:2;s:4:"4.51";i:3;s:4:"4.32";i:4;s:4:"4.04";}', 'Sosiologi'),
(15, 'RANGGA PRIMAYUDA', 'Laki-laki', 13996691, '439sma4', 'X MIPA 2', 'a:18:{i:0;s:1:"4";i:1;s:1:"5";i:2;s:1:"4";i:3;s:1:"4";i:4;s:1:"5";i:5;s:1:"5";i:6;s:1:"2";i:7;s:1:"4";i:8;s:1:"4";i:9;s:1:"4";i:10;s:1:"4";i:11;s:1:"1";i:12;s:1:"5";i:13;s:1:"4";i:14;s:1:"1";i:15;s:1:"2";i:16;s:1:"5";i:17;s:1:"5";}', 'a:5:{i:0;s:4:"4.13";i:1;s:3:"4.2";i:2;s:4:"4.32";i:3;s:4:"4.23";i:4;s:4:"4.39";}', 'B.Jepang'),
(16, 'RANI NUZULA PUTRI', 'Perempuan', 2769674, '825sma4', 'X MIPA 2', 'a:18:{i:0;s:1:"4";i:1;s:1:"5";i:2;s:1:"4";i:3;s:1:"4";i:4;s:1:"5";i:5;s:1:"3";i:6;s:1:"5";i:7;s:1:"5";i:8;s:1:"4";i:9;s:1:"3";i:10;s:1:"4";i:11;s:1:"4";i:12;s:1:"4";i:13;s:1:"4";i:14;s:1:"4";i:15;s:1:"4";i:16;s:1:"4";i:17;s:1:"5";}', 'a:5:{i:0;s:4:"4.54";i:1;s:4:"4.65";i:2;s:4:"4.64";i:3;s:3:"4.1";i:4;s:4:"3.99";}', 'Sosiologi'),
(17, 'DIVA JANNATUL MAKWA', 'Perempuan', 13991908, '138sma4', 'X MIPA 2', 'a:18:{i:0;s:1:"4";i:1;s:1:"4";i:2;s:1:"5";i:3;s:1:"4";i:4;s:1:"5";i:5;s:1:"2";i:6;s:1:"2";i:7;s:1:"5";i:8;s:1:"2";i:9;s:1:"5";i:10;s:1:"3";i:11;s:1:"5";i:12;s:1:"5";i:13;s:1:"4";i:14;s:1:"4";i:15;s:1:"3";i:16;s:1:"4";i:17;s:1:"5";}', 'a:5:{i:0;s:4:"4.51";i:1;s:4:"4.45";i:2;s:4:"4.65";i:3;s:4:"4.07";i:4;s:4:"3.95";}', 'Ekonomi'),
(18, 'ADITYA RUKMANA', 'Laki-laki', 14034126, '324sma4', 'X MIPA 2', 'a:18:{i:0;s:1:"4";i:1;s:1:"4";i:2;s:1:"4";i:3;s:1:"4";i:4;s:1:"2";i:5;s:1:"2";i:6;s:1:"3";i:7;s:1:"4";i:8;s:1:"5";i:9;s:1:"5";i:10;s:1:"5";i:11;s:1:"1";i:12;s:1:"5";i:13;s:1:"4";i:14;s:1:"3";i:15;s:1:"5";i:16;s:1:"5";i:17;s:1:"4";}', 'a:5:{i:0;s:4:"3.89";i:1;s:4:"4.04";i:2;s:4:"4.09";i:3;s:4:"4.27";i:4;s:4:"4.15";}', 'B.Inggris'),
(19, 'RAIHAN ZAKI', 'Laki-laki', 13995046, '898sma4', 'X MIPA 2', 'a:18:{i:0;s:1:"4";i:1;s:1:"4";i:2;s:1:"5";i:3;s:1:"4";i:4;s:1:"4";i:5;s:1:"3";i:6;s:1:"5";i:7;s:1:"2";i:8;s:1:"3";i:9;s:1:"4";i:10;s:1:"3";i:11;s:1:"2";i:12;s:1:"4";i:13;s:1:"4";i:14;s:1:"5";i:15;s:1:"3";i:16;s:1:"5";i:17;s:1:"5";}', 'a:5:{i:0;s:4:"4.49";i:1;s:4:"4.52";i:2;s:4:"4.28";i:3;s:4:"4.25";i:4;s:4:"4.13";}', 'Sosiologi'),
(20, 'RIRI WULAN TARI', 'Perempuan', 18155929, '255sma4', 'X MIPA 2', 'a:18:{i:0;s:1:"4";i:1;s:1:"4";i:2;s:1:"4";i:3;s:1:"4";i:4;s:1:"5";i:5;s:1:"4";i:6;s:1:"4";i:7;s:1:"4";i:8;s:1:"3";i:9;s:1:"5";i:10;s:1:"3";i:11;s:1:"5";i:12;s:1:"5";i:13;s:1:"4";i:14;s:1:"2";i:15;s:1:"1";i:16;s:1:"4";i:17;s:1:"4";}', 'a:5:{i:0;s:4:"4.26";i:1;s:4:"4.16";i:2;s:4:"4.49";i:3;s:3:"4.3";i:4;s:4:"4.25";}', 'Ekonomi'),
(21, 'NELLY WASILAH ANANDA', 'Perempuan', 17477351, '954sma4', 'X MIPA 3', 'a:18:{i:0;s:1:"4";i:1;s:1:"4";i:2;s:1:"4";i:3;s:1:"4";i:4;s:1:"5";i:5;s:1:"5";i:6;s:1:"3";i:7;s:1:"4";i:8;s:1:"4";i:9;s:1:"4";i:10;s:1:"5";i:11;s:1:"4";i:12;s:1:"5";i:13;s:1:"4";i:14;s:1:"4";i:15;s:1:"2";i:16;s:1:"4";i:17;s:1:"5";}', 'a:5:{i:0;s:3:"4.6";i:1;s:4:"4.48";i:2;s:4:"4.69";i:3;s:4:"4.18";i:4;s:4:"4.06";}', 'Ekonomi'),
(22, 'INTANIA AMANDA', 'Perempuan', 18071931, '864sma4', 'X MIPA 3', 'a:18:{i:0;s:1:"4";i:1;s:1:"5";i:2;s:1:"4";i:3;s:1:"4";i:4;s:1:"5";i:5;s:1:"4";i:6;s:1:"4";i:7;s:1:"2";i:8;s:1:"5";i:9;s:1:"4";i:10;s:1:"1";i:11;s:1:"4";i:12;s:1:"4";i:13;s:1:"4";i:14;s:1:"3";i:15;s:1:"1";i:16;s:1:"4";i:17;s:1:"4";}', 'a:5:{i:0;s:4:"4.28";i:1;s:4:"4.41";i:2;s:4:"4.53";i:3;s:4:"4.21";i:4;s:4:"4.09";}', 'Ekonomi'),
(23, 'FARAMITHA RAMADHANI EFENDI', 'Perempuan', 18057948, '508sma4', 'X MIPA 3', 'a:18:{i:0;s:1:"4";i:1;s:1:"4";i:2;s:1:"4";i:3;s:1:"4";i:4;s:1:"5";i:5;s:1:"4";i:6;s:1:"4";i:7;s:1:"3";i:8;s:1:"4";i:9;s:1:"5";i:10;s:1:"1";i:11;s:1:"4";i:12;s:1:"5";i:13;s:1:"4";i:14;s:1:"3";i:15;s:1:"5";i:16;s:1:"5";i:17;s:1:"4";}', 'a:5:{i:0;s:4:"4.45";i:1;s:4:"4.35";i:2;s:4:"4.61";i:3;s:4:"4.21";i:4;s:4:"4.09";}', 'Ekonomi'),
(24, 'BUNGA FATIHA', 'Perempuan', 13996464, '482sma4', 'X MIPA 3', 'a:18:{i:0;s:1:"3";i:1;s:1:"4";i:2;s:1:"4";i:3;s:1:"4";i:4;s:1:"4";i:5;s:1:"3";i:6;s:1:"5";i:7;s:1:"4";i:8;s:1:"4";i:9;s:1:"4";i:10;s:1:"4";i:11;s:1:"5";i:12;s:1:"4";i:13;s:1:"4";i:14;s:1:"5";i:15;s:1:"4";i:16;s:1:"4";i:17;s:1:"5";}', 'a:5:{i:0;s:4:"4.45";i:1;s:4:"4.61";i:2;s:4:"4.27";i:3;s:4:"4.25";i:4;s:4:"4.13";}', 'Sosiologi'),
(25, 'ZILMA RAMADHANI FAHMI', 'Perempuan', 18153135, '629sma4', 'X MIPA 3', 'a:18:{i:0;s:1:"4";i:1;s:1:"4";i:2;s:1:"4";i:3;s:1:"4";i:4;s:1:"4";i:5;s:1:"4";i:6;s:1:"5";i:7;s:1:"4";i:8;s:1:"2";i:9;s:1:"1";i:10;s:1:"4";i:11;s:1:"4";i:12;s:1:"5";i:13;s:1:"4";i:14;s:1:"1";i:15;s:1:"3";i:16;s:1:"4";i:17;s:1:"5";}', 'a:5:{i:0;s:4:"4.01";i:1;s:4:"4.17";i:2;s:4:"4.27";i:3;s:4:"4.41";i:4;s:4:"4.59";}', 'B.Jepang'),
(26, 'LARAS MITA', 'Perempuan', 2769666, '632sma4', 'X MIPA 3', 'a:18:{i:0;s:1:"4";i:1;s:1:"4";i:2;s:1:"4";i:3;s:1:"4";i:4;s:1:"5";i:5;s:1:"5";i:6;s:1:"4";i:7;s:1:"3";i:8;s:1:"4";i:9;s:1:"4";i:10;s:1:"5";i:11;s:1:"5";i:12;s:1:"5";i:13;s:1:"5";i:14;s:1:"3";i:15;s:1:"5";i:16;s:1:"4";i:17;s:1:"5";}', 'a:5:{i:0;s:4:"4.41";i:1;s:4:"4.33";i:2;s:4:"4.69";i:3;s:4:"4.15";i:4;s:4:"4.02";}', 'Ekonomi'),
(27, 'NUTFATIN ABIADHOH', 'Perempuan', 13993238, '353sma4', 'X MIPA 3', 'a:18:{i:0;s:1:"4";i:1;s:1:"4";i:2;s:1:"5";i:3;s:1:"5";i:4;s:1:"5";i:5;s:1:"5";i:6;s:1:"2";i:7;s:1:"5";i:8;s:1:"5";i:9;s:1:"5";i:10;s:1:"3";i:11;s:1:"4";i:12;s:1:"3";i:13;s:1:"5";i:14;s:1:"1";i:15;s:1:"1";i:16;s:1:"4";i:17;s:1:"4";}', 'a:5:{i:0;s:4:"3.89";i:1;s:4:"3.99";i:2;s:4:"4.27";i:3;s:4:"4.22";i:4;s:4:"4.21";}', 'Ekonomi'),
(28, 'ANNISA TINOVA', 'Perempuan', 120371, '478sma4', 'X MIPA 3', 'a:18:{i:0;s:1:"4";i:1;s:1:"4";i:2;s:1:"4";i:3;s:1:"4";i:4;s:1:"4";i:5;s:1:"3";i:6;s:1:"5";i:7;s:1:"2";i:8;s:1:"5";i:9;s:1:"5";i:10;s:1:"5";i:11;s:1:"5";i:12;s:1:"4";i:13;s:1:"4";i:14;s:1:"2";i:15;s:1:"4";i:16;s:1:"4";i:17;s:1:"5";}', 'a:5:{i:0;s:3:"4.1";i:1;s:3:"4.3";i:2;s:4:"4.46";i:3;s:3:"4.5";i:4;s:4:"4.45";}', 'B.Inggris'),
(29, 'EMILLY FIRSTITA', 'Perempuan', 13874329, '913sma4', 'X MIPA 3', 'a:18:{i:0;s:1:"4";i:1;s:1:"4";i:2;s:1:"4";i:3;s:1:"4";i:4;s:1:"4";i:5;s:1:"4";i:6;s:1:"5";i:7;s:1:"5";i:8;s:1:"4";i:9;s:1:"3";i:10;s:1:"4";i:11;s:1:"4";i:12;s:1:"4";i:13;s:1:"4";i:14;s:1:"1";i:15;s:1:"2";i:16;s:1:"3";i:17;s:1:"4";}', 'a:5:{i:0;s:4:"3.94";i:1;s:4:"4.15";i:2;s:4:"4.17";i:3;s:3:"4.4";i:4;s:4:"4.56";}', 'B.Jepang'),
(30, 'ANGGUN DWI ANGGRAINI', 'Perempuan', 20318496, '155sma4', 'X MIPA 3', 'a:18:{i:0;s:1:"5";i:1;s:1:"4";i:2;s:1:"5";i:3;s:1:"4";i:4;s:1:"5";i:5;s:1:"5";i:6;s:1:"4";i:7;s:1:"2";i:8;s:1:"4";i:9;s:1:"2";i:10;s:1:"5";i:11;s:1:"5";i:12;s:1:"5";i:13;s:1:"4";i:14;s:1:"2";i:15;s:1:"1";i:16;s:1:"4";i:17;s:1:"4";}', 'a:5:{i:0;s:4:"4.11";i:1;s:4:"3.99";i:2;s:4:"4.53";i:3;s:3:"4.1";i:4;s:4:"4.07";}', 'Ekonomi'),
(31, 'RIOSCHA DEHAN ZANNAH', 'Perempuan', 2725887, '182sma4', 'X MIPA 4', 'a:18:{i:0;s:1:"4";i:1;s:1:"4";i:2;s:1:"4";i:3;s:1:"4";i:4;s:1:"4";i:5;s:1:"2";i:6;s:1:"4";i:7;s:1:"5";i:8;s:1:"5";i:9;s:1:"5";i:10;s:1:"5";i:11;s:1:"4";i:12;s:1:"4";i:13;s:1:"4";i:14;s:1:"3";i:15;s:1:"1";i:16;s:1:"4";i:17;s:1:"4";}', 'a:5:{i:0;s:4:"4.17";i:1;s:4:"4.39";i:2;s:4:"4.49";i:3;s:4:"4.43";i:4;s:4:"4.31";}', 'Ekonomi'),
(32, 'ALSYA YULKHA PUTRI', 'Perempuan', 18072604, '548sma4', 'X MIPA 4', 'a:18:{i:0;s:1:"4";i:1;s:1:"4";i:2;s:1:"5";i:3;s:1:"4";i:4;s:1:"2";i:5;s:1:"4";i:6;s:1:"4";i:7;s:1:"4";i:8;s:1:"5";i:9;s:1:"5";i:10;s:1:"5";i:11;s:1:"4";i:12;s:1:"5";i:13;s:1:"4";i:14;s:1:"5";i:15;s:1:"3";i:16;s:1:"5";i:17;s:1:"4";}', 'a:5:{i:0;s:4:"4.24";i:1;s:4:"4.24";i:2;s:4:"3.97";i:3;s:4:"4.11";i:4;s:4:"3.99";}', 'Geografi'),
(33, 'SILVI TRIANA HELMI', 'Perempuan', 13810971, '446sma4', 'X MIPA 4', 'a:18:{i:0;s:1:"4";i:1;s:1:"4";i:2;s:1:"4";i:3;s:1:"4";i:4;s:1:"5";i:5;s:1:"2";i:6;s:1:"4";i:7;s:1:"5";i:8;s:1:"3";i:9;s:1:"4";i:10;s:1:"5";i:11;s:1:"5";i:12;s:1:"5";i:13;s:1:"4";i:14;s:1:"4";i:15;s:1:"1";i:16;s:1:"5";i:17;s:1:"4";}', 'a:5:{i:0;s:4:"4.59";i:1;s:4:"4.48";i:2;s:4:"4.53";i:3;s:4:"4.13";i:4;s:4:"4.01";}', 'Geografi'),
(34, 'IMELDA WAHYUNI', 'Perempuan', 14034113, '405sma4', 'X MIPA 4', 'a:18:{i:0;s:1:"5";i:1;s:1:"4";i:2;s:1:"4";i:3;s:1:"4";i:4;s:1:"4";i:5;s:1:"5";i:6;s:1:"5";i:7;s:1:"4";i:8;s:1:"5";i:9;s:1:"5";i:10;s:1:"4";i:11;s:1:"1";i:12;s:1:"3";i:13;s:1:"4";i:14;s:1:"5";i:15;s:1:"5";i:16;s:1:"5";i:17;s:1:"5";}', 'a:5:{i:0;s:4:"4.43";i:1;s:4:"4.41";i:2;s:4:"4.38";i:3;s:4:"4.06";i:4;s:4:"3.94";}', 'Geografi'),
(35, 'HABIL IHSAN', 'Laki-laki', 13875197, '189sma4', 'X MIPA 4', 'a:18:{i:0;s:1:"4";i:1;s:1:"4";i:2;s:1:"4";i:3;s:1:"5";i:4;s:1:"4";i:5;s:1:"5";i:6;s:1:"4";i:7;s:1:"4";i:8;s:1:"3";i:9;s:1:"1";i:10;s:1:"5";i:11;s:1:"4";i:12;s:1:"5";i:13;s:1:"4";i:14;s:1:"2";i:15;s:1:"5";i:16;s:1:"4";i:17;s:1:"4";}', 'a:5:{i:0;s:4:"4.01";i:1;s:4:"4.22";i:2;s:4:"4.27";i:3;s:4:"4.44";i:4;s:4:"4.26";}', 'B.Inggris'),
(36, 'AHMAD FAUZAN ANARFI', 'Laki-laki', 164635, '555sma4', 'X MIPA 4', 'a:18:{i:0;s:1:"4";i:1;s:1:"4";i:2;s:1:"4";i:3;s:1:"4";i:4;s:1:"5";i:5;s:1:"5";i:6;s:1:"5";i:7;s:1:"5";i:8;s:1:"2";i:9;s:1:"5";i:10;s:1:"5";i:11;s:1:"4";i:12;s:1:"4";i:13;s:1:"5";i:14;s:1:"5";i:15;s:1:"2";i:16;s:1:"4";i:17;s:1:"5";}', 'a:5:{i:0;s:4:"4.65";i:1;s:4:"4.41";i:2;s:4:"4.51";i:3;s:4:"4.03";i:4;s:3:"3.9";}', 'Geografi'),
(37, 'TASYA YUSYA SALSABILA', 'Perempuan', 13994553, '977sma4', 'X MIPA 4', 'a:18:{i:0;s:1:"3";i:1;s:1:"3";i:2;s:1:"5";i:3;s:1:"4";i:4;s:1:"2";i:5;s:1:"3";i:6;s:1:"5";i:7;s:1:"4";i:8;s:1:"5";i:9;s:1:"1";i:10;s:1:"4";i:11;s:1:"5";i:12;s:1:"4";i:13;s:1:"4";i:14;s:1:"4";i:15;s:1:"5";i:16;s:1:"4";i:17;s:1:"2";}', 'a:5:{i:0;s:3:"3.6";i:1;s:4:"4.03";i:2;s:4:"3.67";i:3;s:4:"3.95";i:4;s:4:"3.86";}', 'Sosiologi'),
(38, 'MENTARI ISCHA NABILAH', 'Perempuan', 18057581, '133sma4', 'X MIPA 4', 'a:18:{i:0;s:1:"4";i:1;s:1:"4";i:2;s:1:"4";i:3;s:1:"4";i:4;s:1:"2";i:5;s:1:"4";i:6;s:1:"3";i:7;s:1:"4";i:8;s:1:"4";i:9;s:1:"5";i:10;s:1:"5";i:11;s:1:"5";i:12;s:1:"5";i:13;s:1:"5";i:14;s:1:"3";i:15;s:1:"2";i:16;s:1:"5";i:17;s:1:"4";}', 'a:5:{i:0;s:4:"3.99";i:1;s:4:"4.15";i:2;s:4:"4.16";i:3;s:4:"4.41";i:4;s:4:"4.28";}', 'B.Inggris'),
(39, 'DEA SALSA BILA', 'Perempuan', 13994585, '126sma4', 'X MIPA 4', 'a:18:{i:0;s:1:"4";i:1;s:1:"4";i:2;s:1:"4";i:3;s:1:"5";i:4;s:1:"4";i:5;s:1:"4";i:6;s:1:"4";i:7;s:1:"4";i:8;s:1:"5";i:9;s:1:"5";i:10;s:1:"1";i:11;s:1:"1";i:12;s:1:"4";i:13;s:1:"4";i:14;s:1:"5";i:15;s:1:"5";i:16;s:1:"4";i:17;s:1:"4";}', 'a:5:{i:0;s:4:"4.36";i:1;s:4:"4.41";i:2;s:4:"4.19";i:3;s:4:"4.15";i:4;s:4:"3.87";}', 'Sosiologi'),
(40, 'TESSA ANDELIN', 'Perempuan', 18074724, '803sma4', 'X MIPA 4', 'a:18:{i:0;s:1:"4";i:1;s:1:"4";i:2;s:1:"4";i:3;s:1:"4";i:4;s:1:"4";i:5;s:1:"4";i:6;s:1:"2";i:7;s:1:"4";i:8;s:1:"4";i:9;s:1:"4";i:10;s:1:"5";i:11;s:1:"5";i:12;s:1:"5";i:13;s:1:"4";i:14;s:1:"4";i:15;s:1:"4";i:16;s:1:"5";i:17;s:1:"5";}', 'a:5:{i:0;s:4:"4.52";i:1;s:4:"4.64";i:2;s:3:"4.5";i:3;s:4:"4.32";i:4;s:3:"4.2";}', 'Sosiologi'),
(41, 'DIYO FRANSSETIO', 'Laki-laki', 13996006, '257sma4', 'X MIPA 5', 'a:18:{i:0;s:1:"4";i:1;s:1:"4";i:2;s:1:"4";i:3;s:1:"4";i:4;s:1:"4";i:5;s:1:"1";i:6;s:1:"5";i:7;s:1:"5";i:8;s:1:"5";i:9;s:1:"1";i:10;s:1:"5";i:11;s:1:"4";i:12;s:1:"4";i:13;s:1:"4";i:14;s:1:"1";i:15;s:1:"1";i:16;s:1:"4";i:17;s:1:"4";}', 'a:5:{i:0;s:4:"3.86";i:1;s:4:"4.08";i:2;s:4:"4.13";i:3;s:4:"4.35";i:4;s:4:"4.54";}', 'B.Jepang'),
(42, 'IRVA WULAN NADA', 'Perempuan', 13995549, '310sma4', 'X MIPA 5', 'a:18:{i:0;s:1:"4";i:1;s:1:"4";i:2;s:1:"5";i:3;s:1:"4";i:4;s:1:"4";i:5;s:1:"5";i:6;s:1:"4";i:7;s:1:"4";i:8;s:1:"5";i:9;s:1:"3";i:10;s:1:"4";i:11;s:1:"5";i:12;s:1:"5";i:13;s:1:"4";i:14;s:1:"4";i:15;s:1:"2";i:16;s:1:"5";i:17;s:1:"5";}', 'a:5:{i:0;s:4:"4.41";i:1;s:4:"4.65";i:2;s:4:"4.39";i:3;s:4:"4.41";i:4;s:3:"4.3";}', 'Sosiologi'),
(43, 'PUTRI AUGUSTHIA', 'Perempuan', 2728523, '186sma4', 'X MIPA 5', 'a:18:{i:0;s:1:"4";i:1;s:1:"4";i:2;s:1:"5";i:3;s:1:"4";i:4;s:1:"4";i:5;s:1:"5";i:6;s:1:"5";i:7;s:1:"5";i:8;s:1:"5";i:9;s:1:"5";i:10;s:1:"5";i:11;s:1:"4";i:12;s:1:"1";i:13;s:1:"5";i:14;s:1:"4";i:15;s:1:"4";i:16;s:1:"5";i:17;s:1:"4";}', 'a:5:{i:0;s:4:"4.34";i:1;s:4:"4.66";i:2;s:4:"4.39";i:3;s:4:"4.28";i:4;s:4:"4.16";}', 'Sosiologi'),
(44, 'FADLI RAMADHAN', 'Laki-laki', 8489688, '264sma4', 'X MIPA 5', 'a:18:{i:0;s:1:"5";i:1;s:1:"4";i:2;s:1:"4";i:3;s:1:"4";i:4;s:1:"5";i:5;s:1:"2";i:6;s:1:"5";i:7;s:1:"3";i:8;s:1:"5";i:9;s:1:"4";i:10;s:1:"1";i:11;s:1:"5";i:12;s:1:"3";i:13;s:1:"4";i:14;s:1:"1";i:15;s:1:"3";i:16;s:1:"3";i:17;s:1:"5";}', 'a:5:{i:0;s:4:"4.01";i:1;s:4:"3.93";i:2;s:4:"4.53";i:3;s:4:"4.11";i:4;s:4:"4.27";}', 'Ekonomi'),
(45, 'RADEKA YULIANTI', 'Perempuan', 11044654, '923sma4', 'X MIPA 5', 'a:18:{i:0;s:1:"4";i:1;s:1:"4";i:2;s:1:"4";i:3;s:1:"4";i:4;s:1:"4";i:5;s:1:"5";i:6;s:1:"5";i:7;s:1:"3";i:8;s:1:"5";i:9;s:1:"5";i:10;s:1:"4";i:11;s:1:"5";i:12;s:1:"1";i:13;s:1:"5";i:14;s:1:"3";i:15;s:1:"1";i:16;s:1:"4";i:17;s:1:"4";}', 'a:5:{i:0;s:4:"4.14";i:1;s:4:"4.41";i:2;s:4:"4.41";i:3;s:4:"4.43";i:4;s:3:"4.3";}', 'B.Inggris'),
(46, 'NIKE RAMA PUTRI', 'Perempuan', 13995072, '576sma4', 'X MIPA 5', 'a:18:{i:0;s:1:"4";i:1;s:1:"4";i:2;s:1:"4";i:3;s:1:"4";i:4;s:1:"4";i:5;s:1:"5";i:6;s:1:"4";i:7;s:1:"3";i:8;s:1:"1";i:9;s:1:"2";i:10;s:1:"4";i:11;s:1:"2";i:12;s:1:"5";i:13;s:1:"4";i:14;s:1:"2";i:15;s:1:"3";i:16;s:1:"4";i:17;s:1:"4";}', 'a:5:{i:0;s:4:"4.13";i:1;s:4:"4.31";i:2;s:4:"4.33";i:3;s:4:"4.46";i:4;s:4:"4.44";}', 'B.Inggris'),
(47, 'VINA MELINDA', 'Perempuan', 13994424, '119sma4', 'X MIPA 5', 'a:18:{i:0;s:1:"4";i:1;s:1:"4";i:2;s:1:"5";i:3;s:1:"4";i:4;s:1:"5";i:5;s:1:"3";i:6;s:1:"5";i:7;s:1:"2";i:8;s:1:"3";i:9;s:1:"3";i:10;s:1:"4";i:11;s:1:"5";i:12;s:1:"4";i:13;s:1:"4";i:14;s:1:"3";i:15;s:1:"3";i:16;s:1:"5";i:17;s:1:"4";}', 'a:5:{i:0;s:4:"4.47";i:1;s:4:"4.42";i:2;s:4:"4.65";i:3;s:3:"4.3";i:4;s:4:"4.18";}', 'Ekonomi'),
(48, 'TAUFIK ULYA RAHMAD', 'Laki-laki', 3948593, '133sma4', 'X MIPA 5', 'a:18:{i:0;s:1:"4";i:1;s:1:"4";i:2;s:1:"4";i:3;s:1:"4";i:4;s:1:"3";i:5;s:1:"4";i:6;s:1:"3";i:7;s:1:"4";i:8;s:1:"2";i:9;s:1:"1";i:10;s:1:"5";i:11;s:1:"5";i:12;s:1:"5";i:13;s:1:"4";i:14;s:1:"3";i:15;s:1:"5";i:16;s:1:"5";i:17;s:1:"5";}', 'a:5:{i:0;s:3:"4.1";i:1;s:4:"4.23";i:2;s:4:"4.28";i:3;s:4:"4.45";i:4;s:4:"4.36";}', 'B.Inggris'),
(49, 'DIAZ KELANA', 'Laki-laki', 14032423, '727sma4', 'X MIPA 5', 'a:18:{i:0;s:1:"3";i:1;s:1:"3";i:2;s:1:"4";i:3;s:1:"4";i:4;s:1:"4";i:5;s:1:"5";i:6;s:1:"4";i:7;s:1:"4";i:8;s:1:"3";i:9;s:1:"5";i:10;s:1:"4";i:11;s:1:"2";i:12;s:1:"3";i:13;s:1:"4";i:14;s:1:"1";i:15;s:1:"4";i:16;s:1:"3";i:17;s:1:"4";}', 'a:5:{i:0;s:4:"3.67";i:1;s:4:"4.07";i:2;s:4:"3.96";i:3;s:3:"4.2";i:4;s:4:"4.36";}', 'B.Jepang'),
(50, 'RIKA SINTIA', 'Perempuan', 13993745, '125sma4', 'X MIPA 5', 'a:18:{i:0;s:1:"4";i:1;s:1:"4";i:2;s:1:"4";i:3;s:1:"4";i:4;s:1:"4";i:5;s:1:"5";i:6;s:1:"4";i:7;s:1:"4";i:8;s:1:"3";i:9;s:1:"5";i:10;s:1:"4";i:11;s:1:"3";i:12;s:1:"5";i:13;s:1:"4";i:14;s:1:"3";i:15;s:1:"4";i:16;s:1:"5";i:17;s:1:"4";}', 'a:5:{i:0;s:4:"4.35";i:1;s:4:"4.52";i:2;s:4:"4.51";i:3;s:4:"4.44";i:4;s:4:"4.32";}', 'Sosiologi'),
(51, 'REFIKA AZ ZAHRA', 'Perempuan', 18057885, '119sma4', 'X MIPA 6', 'a:18:{i:0;s:1:"4";i:1;s:1:"4";i:2;s:1:"5";i:3;s:1:"4";i:4;s:1:"3";i:5;s:1:"5";i:6;s:1:"1";i:7;s:1:"4";i:8;s:1:"4";i:9;s:1:"5";i:10;s:1:"4";i:11;s:1:"5";i:12;s:1:"5";i:13;s:1:"4";i:14;s:1:"4";i:15;s:1:"5";i:16;s:1:"5";i:17;s:1:"5";}', 'a:5:{i:0;s:4:"4.17";i:1;s:4:"4.36";i:2;s:3:"4.2";i:3;s:4:"4.28";i:4;s:4:"4.16";}', 'Sosiologi'),
(52, 'NABILA SRI MEILANI', 'Perempuan', 2728209, '271sma4', 'X MIPA 6', 'a:18:{i:0;s:1:"4";i:1;s:1:"5";i:2;s:1:"5";i:3;s:1:"4";i:4;s:1:"3";i:5;s:1:"4";i:6;s:1:"4";i:7;s:1:"3";i:8;s:1:"2";i:9;s:1:"4";i:10;s:1:"3";i:11;s:1:"5";i:12;s:1:"2";i:13;s:1:"4";i:14;s:1:"5";i:15;s:1:"5";i:16;s:1:"5";i:17;s:1:"5";}', 'a:5:{i:0;s:3:"4.2";i:1;s:4:"4.43";i:2;s:4:"3.97";i:3;s:4:"4.15";i:4;s:4:"4.03";}', 'Sosiologi'),
(53, 'LAILA FATHUMI', 'Perempuan', 24698517, '529sma4', 'X MIPA 6', 'a:18:{i:0;s:1:"5";i:1;s:1:"4";i:2;s:1:"5";i:3;s:1:"5";i:4;s:1:"2";i:5;s:1:"5";i:6;s:1:"2";i:7;s:1:"5";i:8;s:1:"5";i:9;s:1:"1";i:10;s:1:"5";i:11;s:1:"2";i:12;s:1:"4";i:13;s:1:"4";i:14;s:1:"2";i:15;s:1:"3";i:16;s:1:"5";i:17;s:1:"5";}', 'a:5:{i:0;s:4:"3.59";i:1;s:4:"3.83";i:2;s:4:"4.07";i:3;s:4:"4.41";i:4;s:4:"4.23";}', 'B.Inggris'),
(54, 'NOVIA TRI RAMADANI', 'Perempuan', 13994843, '374sma4', 'X MIPA 6', 'a:18:{i:0;s:1:"4";i:1;s:1:"4";i:2;s:1:"4";i:3;s:1:"4";i:4;s:1:"2";i:5;s:1:"4";i:6;s:1:"4";i:7;s:1:"5";i:8;s:1:"5";i:9;s:1:"5";i:10;s:1:"5";i:11;s:1:"2";i:12;s:1:"4";i:13;s:1:"4";i:14;s:1:"5";i:15;s:1:"1";i:16;s:1:"4";i:17;s:1:"5";}', 'a:5:{i:0;s:4:"4.07";i:1;s:4:"4.08";i:2;s:4:"3.94";i:3;s:3:"4.1";i:4;s:4:"3.98";}', 'B.Inggris'),
(55, 'MELVI ARTAMEVIA', 'Perempuan', 13996567, '827sma4', 'X MIPA 6', 'a:18:{i:0;s:1:"5";i:1;s:1:"5";i:2;s:1:"4";i:3;s:1:"4";i:4;s:1:"4";i:5;s:1:"3";i:6;s:1:"4";i:7;s:1:"1";i:8;s:1:"4";i:9;s:1:"4";i:10;s:1:"5";i:11;s:1:"4";i:12;s:1:"5";i:13;s:1:"4";i:14;s:1:"1";i:15;s:1:"2";i:16;s:1:"4";i:17;s:1:"5";}', 'a:5:{i:0;s:4:"3.83";i:1;s:4:"4.09";i:2;s:4:"4.33";i:3;s:4:"4.24";i:4;s:3:"4.4";}', 'B.Jepang'),
(56, 'NADIRA FADILLA SYANI', 'Perempuan', 121780, '984sma4', 'X MIPA 6', 'a:18:{i:0;s:1:"4";i:1;s:1:"4";i:2;s:1:"4";i:3;s:1:"4";i:4;s:1:"5";i:5;s:1:"5";i:6;s:1:"5";i:7;s:1:"5";i:8;s:1:"4";i:9;s:1:"5";i:10;s:1:"1";i:11;s:1:"5";i:12;s:1:"4";i:13;s:1:"5";i:14;s:1:"1";i:15;s:1:"4";i:16;s:1:"5";i:17;s:1:"4";}', 'a:5:{i:0;s:3:"4.2";i:1;s:4:"4.21";i:2;s:4:"4.37";i:3;s:3:"4.2";i:4;s:4:"4.35";}', 'Ekonomi'),
(57, 'ZIKRI ANANDA AURA', 'Laki-laki', 13991101, '746sma4', 'X MIPA 6', 'a:18:{i:0;s:1:"4";i:1;s:1:"4";i:2;s:1:"4";i:3;s:1:"4";i:4;s:1:"2";i:5;s:1:"4";i:6;s:1:"5";i:7;s:1:"2";i:8;s:1:"2";i:9;s:1:"2";i:10;s:1:"4";i:11;s:1:"4";i:12;s:1:"4";i:13;s:1:"4";i:14;s:1:"2";i:15;s:1:"2";i:16;s:1:"4";i:17;s:1:"4";}', 'a:5:{i:0;s:4:"3.72";i:1;s:4:"3.91";i:2;s:4:"3.95";i:3;s:4:"4.45";i:4;s:4:"4.42";}', 'B.Inggris'),
(58, 'DWI SEPTYADI', 'Laki-laki', 476560, '516sma4', 'X MIPA 6', 'a:18:{i:0;s:1:"5";i:1;s:1:"4";i:2;s:1:"5";i:3;s:1:"5";i:4;s:1:"5";i:5;s:1:"4";i:6;s:1:"1";i:7;s:1:"4";i:8;s:1:"3";i:9;s:1:"5";i:10;s:1:"4";i:11;s:1:"5";i:12;s:1:"4";i:13;s:1:"4";i:14;s:1:"2";i:15;s:1:"4";i:16;s:1:"4";i:17;s:1:"5";}', 'a:5:{i:0;s:4:"4.09";i:1;s:3:"4.0";i:2;s:4:"4.67";i:3;s:4:"4.19";i:4;s:4:"3.98";}', 'Ekonomi'),
(59, 'AHSANUZ ZIKRI', 'Laki-laki', 6068830, '658sma4', 'X MIPA 6', 'a:18:{i:0;s:1:"4";i:1;s:1:"4";i:2;s:1:"5";i:3;s:1:"5";i:4;s:1:"5";i:5;s:1:"5";i:6;s:1:"4";i:7;s:1:"2";i:8;s:1:"4";i:9;s:1:"5";i:10;s:1:"2";i:11;s:1:"4";i:12;s:1:"3";i:13;s:1:"4";i:14;s:1:"2";i:15;s:1:"5";i:16;s:1:"5";i:17;s:1:"5";}', 'a:5:{i:0;s:3:"4.1";i:1;s:4:"4.15";i:2;s:4:"4.44";i:3;s:4:"4.37";i:4;s:4:"4.16";}', 'Ekonomi'),
(60, 'PUTRI AJUSTI ZALMI', 'Perempuan', 14034121, '355sma4', 'X MIPA 6', 'a:18:{i:0;s:1:"4";i:1;s:1:"4";i:2;s:1:"4";i:3;s:1:"4";i:4;s:1:"5";i:5;s:1:"4";i:6;s:1:"3";i:7;s:1:"4";i:8;s:1:"5";i:9;s:1:"1";i:10;s:1:"1";i:11;s:1:"5";i:12;s:1:"4";i:13;s:1:"4";i:14;s:1:"3";i:15;s:1:"1";i:16;s:1:"4";i:17;s:1:"5";}', 'a:5:{i:0;s:4:"4.35";i:1;s:4:"4.28";i:2;s:4:"4.62";i:3;s:4:"4.29";i:4;s:4:"4.19";}', 'Ekonomi'),
(61, 'MIRANDA ISMAN', 'Perempuan', 13996216, '461sma4', 'X MIPA 7', 'a:18:{i:0;s:1:"4";i:1;s:1:"5";i:2;s:1:"5";i:3;s:1:"5";i:4;s:1:"3";i:5;s:1:"5";i:6;s:1:"5";i:7;s:1:"1";i:8;s:1:"5";i:9;s:1:"4";i:10;s:1:"4";i:11;s:1:"4";i:12;s:1:"4";i:13;s:1:"4";i:14;s:1:"4";i:15;s:1:"3";i:16;s:1:"4";i:17;s:1:"5";}', 'a:5:{i:0;s:4:"4.01";i:1;s:4:"4.49";i:2;s:4:"4.18";i:3;s:4:"4.43";i:4;s:4:"4.15";}', 'Sosiologi'),
(62, 'THANIA WAZINTA', 'Perempuan', 122060, '192sma4', 'X MIPA 7', 'a:18:{i:0;s:1:"4";i:1;s:1:"4";i:2;s:1:"4";i:3;s:1:"4";i:4;s:1:"4";i:5;s:1:"4";i:6;s:1:"4";i:7;s:1:"5";i:8;s:1:"4";i:9;s:1:"5";i:10;s:1:"4";i:11;s:1:"4";i:12;s:1:"4";i:13;s:1:"4";i:14;s:1:"1";i:15;s:1:"2";i:16;s:1:"4";i:17;s:1:"4";}', 'a:5:{i:0;s:4:"3.99";i:1;s:4:"4.19";i:2;s:4:"4.27";i:3;s:4:"4.42";i:4;s:4:"4.58";}', 'B.Jepang'),
(63, 'RANTI AGUSTIN', 'Perempuan', 109536, '250sma4', 'X MIPA 7', 'a:18:{i:0;s:1:"3";i:1;s:1:"4";i:2;s:1:"5";i:3;s:1:"4";i:4;s:1:"2";i:5;s:1:"4";i:6;s:1:"5";i:7;s:1:"5";i:8;s:1:"4";i:9;s:1:"4";i:10;s:1:"2";i:11;s:1:"5";i:12;s:1:"4";i:13;s:1:"4";i:14;s:1:"1";i:15;s:1:"5";i:16;s:1:"4";i:17;s:1:"4";}', 'a:5:{i:0;s:4:"3.39";i:1;s:4:"3.84";i:2;s:4:"3.66";i:3;s:4:"4.24";i:4;s:3:"4.4";}', 'B.Jepang'),
(64, 'NABILAH FARRAS DRASIH', 'Perempuan', 2726045, '468sma4', 'X MIPA 7', 'a:18:{i:0;s:1:"4";i:1;s:1:"4";i:2;s:1:"5";i:3;s:1:"4";i:4;s:1:"3";i:5;s:1:"3";i:6;s:1:"5";i:7;s:1:"4";i:8;s:1:"5";i:9;s:1:"4";i:10;s:1:"4";i:11;s:1:"4";i:12;s:1:"5";i:13;s:1:"4";i:14;s:1:"2";i:15;s:1:"1";i:16;s:1:"4";i:17;s:1:"4";}', 'a:5:{i:0;s:4:"3.81";i:1;s:4:"4.03";i:2;s:3:"4.1";i:3;s:4:"4.59";i:4;s:4:"4.54";}', 'B.Inggris'),
(65, 'WINDA FIRDA', 'Perempuan', 18093295, '980sma4', 'X MIPA 7', 'a:18:{i:0;s:1:"5";i:1;s:1:"4";i:2;s:1:"4";i:3;s:1:"4";i:4;s:1:"5";i:5;s:1:"2";i:6;s:1:"4";i:7;s:1:"2";i:8;s:1:"5";i:9;s:1:"4";i:10;s:1:"4";i:11;s:1:"4";i:12;s:1:"2";i:13;s:1:"4";i:14;s:1:"1";i:15;s:1:"2";i:16;s:1:"4";i:17;s:1:"4";}', 'a:5:{i:0;s:4:"4.05";i:1;s:4:"3.94";i:2;s:4:"4.52";i:3;s:4:"4.14";i:4;s:3:"4.3";}', 'Ekonomi'),
(66, 'MUTIARA FANY', 'Perempuan', 121296, '373sma4', 'X MIPA 7', 'a:18:{i:0;s:1:"4";i:1;s:1:"3";i:2;s:1:"5";i:3;s:1:"4";i:4;s:1:"5";i:5;s:1:"5";i:6;s:1:"3";i:7;s:1:"5";i:8;s:1:"5";i:9;s:1:"4";i:10;s:1:"2";i:11;s:1:"5";i:12;s:1:"5";i:13;s:1:"5";i:14;s:1:"4";i:15;s:1:"4";i:16;s:1:"5";i:17;s:1:"4";}', 'a:5:{i:0;s:4:"4.48";i:1;s:4:"4.49";i:2;s:4:"4.42";i:3;s:4:"3.97";i:4;s:4:"3.84";}', 'Sosiologi'),
(67, 'RIMA OKTAVI YENTI', 'Perempuan', 3948566, '689sma4', 'X MIPA 7', 'a:18:{i:0;s:1:"4";i:1;s:1:"4";i:2;s:1:"4";i:3;s:1:"4";i:4;s:1:"3";i:5;s:1:"4";i:6;s:1:"4";i:7;s:1:"5";i:8;s:1:"4";i:9;s:1:"5";i:10;s:1:"5";i:11;s:1:"2";i:12;s:1:"2";i:13;s:1:"4";i:14;s:1:"5";i:15;s:1:"5";i:16;s:1:"4";i:17;s:1:"4";}', 'a:5:{i:0;s:4:"4.28";i:1;s:4:"4.29";i:2;s:4:"4.11";i:3;s:4:"4.15";i:4;s:4:"4.03";}', 'Sosiologi'),
(68, 'ARDA DIKA WIJAYA', 'Laki-laki', 18074428, '293sma4', 'X MIPA 7', 'a:18:{i:0;s:1:"4";i:1;s:1:"4";i:2;s:1:"4";i:3;s:1:"4";i:4;s:1:"4";i:5;s:1:"5";i:6;s:1:"5";i:7;s:1:"5";i:8;s:1:"5";i:9;s:1:"3";i:10;s:1:"4";i:11;s:1:"4";i:12;s:1:"5";i:13;s:1:"5";i:14;s:1:"2";i:15;s:1:"4";i:16;s:1:"5";i:17;s:1:"4";}', 'a:5:{i:0;s:4:"4.22";i:1;s:4:"4.46";i:2;s:4:"4.33";i:3;s:4:"4.55";i:4;s:3:"4.5";}', 'B.Inggris'),
(69, 'PUTRI RAMADHANI', 'Perempuan', 122074, '497sma4', 'X MIPA 7', 'a:18:{i:0;s:1:"4";i:1;s:1:"4";i:2;s:1:"5";i:3;s:1:"4";i:4;s:1:"4";i:5;s:1:"4";i:6;s:1:"2";i:7;s:1:"4";i:8;s:1:"5";i:9;s:1:"5";i:10;s:1:"5";i:11;s:1:"1";i:12;s:1:"1";i:13;s:1:"4";i:14;s:1:"2";i:15;s:1:"2";i:16;s:1:"4";i:17;s:1:"5";}', 'a:5:{i:0;s:4:"3.94";i:1;s:4:"4.17";i:2;s:4:"4.36";i:3;s:4:"4.53";i:4;s:4:"4.48";}', 'B.Inggris'),
(70, 'ALLYA MARDILLA PUTRI', 'Perempuan', 18057500, '698sma4', 'X MIPA 7', 'a:18:{i:0;s:1:"4";i:1;s:1:"4";i:2;s:1:"4";i:3;s:1:"5";i:4;s:1:"3";i:5;s:1:"4";i:6;s:1:"2";i:7;s:1:"5";i:8;s:1:"3";i:9;s:1:"4";i:10;s:1:"1";i:11;s:1:"5";i:12;s:1:"5";i:13;s:1:"4";i:14;s:1:"4";i:15;s:1:"3";i:16;s:1:"4";i:17;s:1:"5";}', 'a:5:{i:0;s:4:"4.17";i:1;s:4:"4.39";i:2;s:4:"4.27";i:3;s:4:"4.49";i:4;s:4:"4.21";}', 'B.Inggris'),
(71, 'ADINDA ANNISA', 'Perempuan', 2769203, '833sma4', 'X IPS 1', 'a:18:{i:0;s:1:"4";i:1;s:1:"4";i:2;s:1:"4";i:3;s:1:"4";i:4;s:1:"5";i:5;s:1:"5";i:6;s:1:"5";i:7;s:1:"4";i:8;s:1:"3";i:9;s:1:"4";i:10;s:1:"5";i:11;s:1:"5";i:12;s:1:"2";i:13;s:1:"5";i:14;s:1:"2";i:15;s:1:"1";i:16;s:1:"5";i:17;s:1:"5";}', 'a:2:{i:0;s:4:"4.42";i:1;s:4:"4.36";}', 'B.Inggris'),
(72, 'SUKMA FADILA', 'Perempuan', 13991655, '138sma4', 'X IPS 1', 'a:18:{i:0;s:1:"4";i:1;s:1:"4";i:2;s:1:"4";i:3;s:1:"4";i:4;s:1:"5";i:5;s:1:"4";i:6;s:1:"5";i:7;s:1:"4";i:8;s:1:"4";i:9;s:1:"1";i:10;s:1:"2";i:11;s:1:"1";i:12;s:1:"4";i:13;s:1:"4";i:14;s:1:"2";i:15;s:1:"5";i:16;s:1:"5";i:17;s:1:"4";}', 'a:2:{i:0;s:4:"4.31";i:1;s:4:"4.28";}', 'B.Inggris'),
(73, 'YOLANDA AMELYA PUTRI', 'Perempuan', 13874945, '318sma4', 'X IPS 1', 'a:18:{i:0;s:1:"4";i:1;s:1:"4";i:2;s:1:"4";i:3;s:1:"4";i:4;s:1:"2";i:5;s:1:"2";i:6;s:1:"4";i:7;s:1:"4";i:8;s:1:"4";i:9;s:1:"4";i:10;s:1:"4";i:11;s:1:"4";i:12;s:1:"2";i:13;s:1:"4";i:14;s:1:"2";i:15;s:1:"1";i:16;s:1:"5";i:17;s:1:"4";}', 'a:2:{i:0;s:4:"4.51";i:1;s:4:"4.46";}', 'B.Inggris'),
(74, 'VANI MELINDA', 'Perempuan', 13994425, '361sma4', 'X IPS 1', 'a:18:{i:0;s:1:"4";i:1;s:1:"4";i:2;s:1:"5";i:3;s:1:"4";i:4;s:1:"5";i:5;s:1:"2";i:6;s:1:"4";i:7;s:1:"5";i:8;s:1:"4";i:9;s:1:"5";i:10;s:1:"1";i:11;s:1:"4";i:12;s:1:"3";i:13;s:1:"4";i:14;s:1:"2";i:15;s:1:"1";i:16;s:1:"4";i:17;s:1:"5";}', 'a:2:{i:0;s:4:"4.34";i:1;s:4:"4.29";}', 'B.Inggris'),
(75, 'ADAM RESTU ANUGRAH', 'Laki-laki', 18434238, '879sma4', 'X IPS 1', 'a:18:{i:0;s:1:"4";i:1;s:1:"4";i:2;s:1:"4";i:3;s:1:"4";i:4;s:1:"5";i:5;s:1:"4";i:6;s:1:"2";i:7;s:1:"5";i:8;s:1:"5";i:9;s:1:"4";i:10;s:1:"4";i:11;s:1:"4";i:12;s:1:"5";i:13;s:1:"4";i:14;s:1:"1";i:15;s:1:"4";i:16;s:1:"4";i:17;s:1:"4";}', 'a:2:{i:0;s:4:"4.14";i:1;s:3:"4.3";}', 'B.Jepang'),
(76, 'ALDO SPAMA PUTRA SUIR', 'Laki-laki', 10258062, '753sma4', 'X IPS 1', 'a:18:{i:0;s:1:"3";i:1;s:1:"4";i:2;s:1:"4";i:3;s:1:"4";i:4;s:1:"4";i:5;s:1:"5";i:6;s:1:"4";i:7;s:1:"2";i:8;s:1:"3";i:9;s:1:"5";i:10;s:1:"1";i:11;s:1:"4";i:12;s:1:"1";i:13;s:1:"4";i:14;s:1:"1";i:15;s:1:"2";i:16;s:1:"5";i:17;s:1:"5";}', 'a:2:{i:0;s:4:"4.55";i:1;s:4:"4.71";}', 'B.Jepang'),
(77, 'AQSHAL DAFFA RIANDANA', 'Laki-laki', 14034102, '415sma4', 'X IPS 1', 'a:18:{i:0;s:1:"3";i:1;s:1:"3";i:2;s:1:"3";i:3;s:1:"3";i:4;s:1:"4";i:5;s:1:"4";i:6;s:1:"5";i:7;s:1:"4";i:8;s:1:"4";i:9;s:1:"4";i:10;s:1:"5";i:11;s:1:"5";i:12;s:1:"5";i:13;s:1:"4";i:14;s:1:"2";i:15;s:1:"3";i:16;s:1:"4";i:17;s:1:"5";}', 'a:2:{i:0;s:4:"4.35";i:1;s:4:"4.42";}', 'B.Jepang'),
(78, 'FIORA TRISYAWALIKA AGVIENI', 'Perempuan', 18057949, '780sma4', 'X IPS 1', 'a:18:{i:0;s:1:"4";i:1;s:1:"4";i:2;s:1:"4";i:3;s:1:"4";i:4;s:1:"5";i:5;s:1:"5";i:6;s:1:"4";i:7;s:1:"4";i:8;s:1:"4";i:9;s:1:"4";i:10;s:1:"1";i:11;s:1:"2";i:12;s:1:"4";i:13;s:1:"4";i:14;s:1:"2";i:15;s:1:"2";i:16;s:1:"5";i:17;s:1:"4";}', 'a:2:{i:0;s:4:"4.45";i:1;s:3:"4.4";}', 'B.Inggris'),
(79, 'HANIFATUZZAHRAH', 'Perempuan', 13819798, '576sma4', 'X IPS 1', 'a:18:{i:0;s:1:"3";i:1;s:1:"3";i:2;s:1:"4";i:3;s:1:"4";i:4;s:1:"4";i:5;s:1:"5";i:6;s:1:"5";i:7;s:1:"5";i:8;s:1:"5";i:9;s:1:"5";i:10;s:1:"2";i:11;s:1:"4";i:12;s:1:"5";i:13;s:1:"5";i:14;s:1:"2";i:15;s:1:"5";i:16;s:1:"3";i:17;s:1:"4";}', 'a:2:{i:0;s:4:"4.31";i:1;s:4:"4.25";}', 'B.Inggris'),
(80, 'MUHAMMAD FIKRI', 'Laki-laki', 14034134, '663sma4', 'X IPS 1', 'a:18:{i:0;s:1:"4";i:1;s:1:"4";i:2;s:1:"4";i:3;s:1:"4";i:4;s:1:"4";i:5;s:1:"4";i:6;s:1:"2";i:7;s:1:"4";i:8;s:1:"2";i:9;s:1:"4";i:10;s:1:"5";i:11;s:1:"4";i:12;s:1:"5";i:13;s:1:"4";i:14;s:1:"1";i:15;s:1:"4";i:16;s:1:"5";i:17;s:1:"4";}', 'a:2:{i:0;s:4:"4.33";i:1;s:4:"4.49";}', 'B.Jepang'),
(81, 'REZHA ADIPUTRA', 'Laki-laki', 8870079, '316sma4', 'X IPS 2', 'a:18:{i:0;s:1:"3";i:1;s:1:"3";i:2;s:1:"4";i:3;s:1:"4";i:4;s:1:"4";i:5;s:1:"5";i:6;s:1:"5";i:7;s:1:"4";i:8;s:1:"5";i:9;s:1:"5";i:10;s:1:"4";i:11;s:1:"4";i:12;s:1:"3";i:13;s:1:"5";i:14;s:1:"1";i:15;s:1:"5";i:16;s:1:"4";i:17;s:1:"4";}', 'a:2:{i:0;s:4:"4.24";i:1;s:4:"4.39";}', 'B.Jepang'),
(82, 'PUTRI FEBRINA MARLINI', 'Perempuan', 13994449, '260sma4', 'X IPS 2', 'a:18:{i:0;s:1:"4";i:1;s:1:"4";i:2;s:1:"5";i:3;s:1:"5";i:4;s:1:"5";i:5;s:1:"5";i:6;s:1:"2";i:7;s:1:"3";i:8;s:1:"4";i:9;s:1:"1";i:10;s:1:"2";i:11;s:1:"2";i:12;s:1:"5";i:13;s:1:"4";i:14;s:1:"1";i:15;s:1:"3";i:16;s:1:"4";i:17;s:1:"4";}', 'a:2:{i:0;s:3:"4.2";i:1;s:4:"4.23";}', 'B.Jepang'),
(83, 'NURUL RAHMA DEWIRNA', 'Perempuan', 121766, '119sma4', 'X IPS 2', 'a:18:{i:0;s:1:"3";i:1;s:1:"3";i:2;s:1:"5";i:3;s:1:"4";i:4;s:1:"4";i:5;s:1:"4";i:6;s:1:"1";i:7;s:1:"5";i:8;s:1:"5";i:9;s:1:"5";i:10;s:1:"5";i:11;s:1:"2";i:12;s:1:"1";i:13;s:1:"4";i:14;s:1:"1";i:15;s:1:"5";i:16;s:1:"4";i:17;s:1:"5";}', 'a:2:{i:0;s:4:"4.17";i:1;s:4:"4.33";}', 'B.Jepang'),
(84, 'SYAFIQ MAULANA FATHULLAH', 'Laki-laki', 18074778, '621sma4', 'X IPS 2', 'a:18:{i:0;s:1:"3";i:1;s:1:"3";i:2;s:1:"4";i:3;s:1:"4";i:4;s:1:"5";i:5;s:1:"5";i:6;s:1:"5";i:7;s:1:"2";i:8;s:1:"3";i:9;s:1:"2";i:10;s:1:"3";i:11;s:1:"1";i:12;s:1:"4";i:13;s:1:"4";i:14;s:1:"2";i:15;s:1:"5";i:16;s:1:"5";i:17;s:1:"4";}', 'a:2:{i:0;s:3:"4.2";i:1;s:4:"4.18";}', 'B.Inggris'),
(85, 'RISA NADRIA', 'Perempuan', 12142565, '882sma4', 'X IPS 2', 'a:18:{i:0;s:1:"3";i:1;s:1:"3";i:2;s:1:"4";i:3;s:1:"4";i:4;s:1:"5";i:5;s:1:"5";i:6;s:1:"3";i:7;s:1:"5";i:8;s:1:"4";i:9;s:1:"4";i:10;s:1:"5";i:11;s:1:"5";i:12;s:1:"4";i:13;s:1:"5";i:14;s:1:"1";i:15;s:1:"4";i:16;s:1:"4";i:17;s:1:"4";}', 'a:2:{i:0;s:4:"4.05";i:1;s:3:"4.2";}', 'B.Jepang'),
(86, 'CITRA TIARANITA', 'Perempuan', 13995072, '217sma4', 'X IPS 2', 'a:18:{i:0;s:1:"4";i:1;s:1:"4";i:2;s:1:"4";i:3;s:1:"4";i:4;s:1:"4";i:5;s:1:"4";i:6;s:1:"4";i:7;s:1:"4";i:8;s:1:"4";i:9;s:1:"1";i:10;s:1:"4";i:11;s:1:"4";i:12;s:1:"5";i:13;s:1:"4";i:14;s:1:"2";i:15;s:1:"2";i:16;s:1:"4";i:17;s:1:"4";}', 'a:2:{i:0;s:4:"4.55";i:1;s:4:"4.53";}', 'B.Inggris'),
(87, 'MUHAMMAD ZIYAD ADRIAN', 'Laki-laki', 18059778, '145sma4', 'X IPS 2', 'a:18:{i:0;s:1:"4";i:1;s:1:"4";i:2;s:1:"4";i:3;s:1:"4";i:4;s:1:"5";i:5;s:1:"5";i:6;s:1:"5";i:7;s:1:"4";i:8;s:1:"3";i:9;s:1:"4";i:10;s:1:"4";i:11;s:1:"4";i:12;s:1:"2";i:13;s:1:"4";i:14;s:1:"1";i:15;s:1:"5";i:16;s:1:"5";i:17;s:1:"5";}', 'a:2:{i:0;s:4:"4.22";i:1;s:4:"4.38";}', 'B.Jepang'),
(88, 'MIFTAH FADHIL ALFALAH', 'Perempuan', 18057929, '931sma4', 'X IPS 2', 'a:18:{i:0;s:1:"4";i:1;s:1:"4";i:2;s:1:"4";i:3;s:1:"4";i:4;s:1:"5";i:5;s:1:"2";i:6;s:1:"2";i:7;s:1:"5";i:8;s:1:"1";i:9;s:1:"5";i:10;s:1:"3";i:11;s:1:"3";i:12;s:1:"1";i:13;s:1:"4";i:14;s:1:"1";i:15;s:1:"4";i:16;s:1:"3";i:17;s:1:"5";}', 'a:2:{i:0;s:4:"4.09";i:1;s:4:"4.25";}', 'B.Jepang'),
(89, 'MANJA DANOVA PUTRI', 'Perempuan', 14295285, '752sma4', 'X IPS 2', 'a:18:{i:0;s:1:"5";i:1;s:1:"4";i:2;s:1:"5";i:3;s:1:"5";i:4;s:1:"4";i:5;s:1:"4";i:6;s:1:"5";i:7;s:1:"5";i:8;s:1:"5";i:9;s:1:"3";i:10;s:1:"3";i:11;s:1:"4";i:12;s:1:"5";i:13;s:1:"4";i:14;s:1:"2";i:15;s:1:"5";i:16;s:1:"4";i:17;s:1:"4";}', 'a:2:{i:0;s:4:"4.38";i:1;s:4:"4.18";}', 'B.Inggris'),
(90, 'HUMAIRA YESTIANA', 'Perempuan', 18074439, '734sma4', 'X IPS 2', 'a:18:{i:0;s:1:"4";i:1;s:1:"4";i:2;s:1:"4";i:3;s:1:"4";i:4;s:1:"4";i:5;s:1:"4";i:6;s:1:"4";i:7;s:1:"4";i:8;s:1:"4";i:9;s:1:"1";i:10;s:1:"4";i:11;s:1:"4";i:12;s:1:"5";i:13;s:1:"4";i:14;s:1:"2";i:15;s:1:"2";i:16;s:1:"4";i:17;s:1:"4";}', 'a:2:{i:0;s:4:"4.55";i:1;s:4:"4.53";}', 'B.Inggris');
